{
  "cv": {
    "folds": 3,
    "fold_accuracies": [
      0.7136752136752137,
      0.7081545064377682,
      0.7253218884120172
    ],
    "mean": 0.7157172028416664,
    "std": 0.007155745513425997
  },
  "val": {
    "accuracy": 0.7066666666666667,
    "macro_f1": 0.7008061765820386,
    "per_genre_f1": {
      "blues": 0.6666666666666666,
      "classical": 0.9333333333333333,
      "country": 0.625,
      "disco": 0.6666666666666666,
      "hiphop": 0.6896551724137931,
      "jazz": 0.8666666666666667,
      "metal": 0.8666666666666667,
      "pop": 0.7428571428571429,
      "reggae": 0.6428571428571429,
      "rock": 0.3076923076923077
    }
  },
  "test": {
    "accuracy": 0.68,
    "macro_f1": 0.6656334269396986,
    "per_genre_f1": {
      "blues": 0.5,
      "classical": 0.9375,
      "country": 0.7058823529411765,
      "disco": 0.5384615384615384,
      "hiphop": 0.717948717948718,
      "jazz": 0.8275862068965517,
      "metal": 0.6666666666666666,
      "pop": 0.7741935483870968,
      "reggae": 0.5714285714285714,
      "rock": 0.4166666666666667
    }
  },
  "acceptance": {
    "target_val_accuracy": 0.766,
    "accept_min": 0.75,
    "passed": false
  },
  "selection": {
    "by": "rrm",
    "rrm": 0.18244592523662273,
    "U": 0.025824725948501576,
    "off_diag": 0.2842857142857143,
    "cfg_index": 11
  }
}