{
  "cv": {
    "folds": 3,
    "fold_accuracies": [
      0.7882302405498282,
      0.7667525773195877,
      0.7773972602739726
    ],
    "mean": 0.7774600260477961,
    "std": 0.008768331620655424
  },
  "val": {
    "accuracy": 0.7763684913217623,
    "macro_f1": 0.7780568023631723,
    "per_genre_f1": {
      "blues": 0.7534246575342466,
      "classical": 0.9659863945578231,
      "country": 0.7536231884057971,
      "disco": 0.6644518272425249,
      "hiphop": 0.7361963190184049,
      "jazz": 0.8639455782312925,
      "metal": 0.903448275862069,
      "pop": 0.6881028938906752,
      "reggae": 0.7291666666666666,
      "rock": 0.7222222222222222
    }
  },
  "test": {
    "accuracy": 0.7886666666666666,
    "macro_f1": 0.7883394750466727,
    "per_genre_f1": {
      "blues": 0.7891156462585034,
      "classical": 0.9230769230769231,
      "country": 0.7655172413793103,
      "disco": 0.7071428571428572,
      "hiphop": 0.7650273224043715,
      "jazz": 0.8833922261484098,
      "metal": 0.8542372881355932,
      "pop": 0.6802721088435374,
      "reggae": 0.8120300751879699,
      "rock": 0.7035830618892508
    }
  },
  "acceptance": {
    "target_val_accuracy": 0.8,
    "accept_min": 0.75,
    "passed": true
  },
  "selection": {
    "by": "rrm",
    "rrm": 0.42676448361963815,
    "U": 0.009245075167012897,
    "off_diag": 0.2225400457665904,
    "cfg_index": 18
  }
}