{
  "mean": [
    0.37889470797760977,
    0.08486206222270153,
    0.13022906409950288,
    0.002674740641197752,
    2197.9024022040367,
    406197.4187575609,
    2237.0057416200266,
    117474.80441033051,
    4557.871957009082,
    1603586.9021631982,
    0.10291098749274614,
    0.002566943769454306,
    -0.0003684121215202881,
    0.01251349070052032,
    -0.00035682345527521627,
    0.005496571843823521,
    124.69014576699433,
    -145.2298523219244,
    2816.6026770823064,
    100.8264648833523,
    583.7596576830342,
    -10.362790904676608,
    373.39762372951486,
    37.07536244031547,
    185.90523939260902,
    -2.455739700459133,
    145.10628839365677,
    15.402894441627506,
    108.013911474624,
    -6.135515994511281,
    99.65091144820373,
    10.984649167950167,
    75.5463442783334,
    -7.690839618586665,
    74.49853536411608,
    8.377642322443053,
    68.55019162748717,
    -6.643859583649349,
    64.05151112333316,
    4.910319461476719,
    58.000519462526526,
    -5.422550702999322,
    57.35539525208539,
    2.2658688870414148,
    54.26300835636715,
    -4.249929981050746,
    52.88052672311425,
    1.5027137107062694,
    50.570023693536456,
    -4.388891763573641,
    52.240236985942595,
    0.8268503829411543,
    52.64842261360357,
    -2.656984531102111,
    55.302116341019385,
    -0.9362774895154946,
    57.570587026206795
  ],
  "std": [
    0.09099499728730466,
    0.009490095924212797,
    0.06762881063467532,
    0.0036561111190329533,
    743.7049834112428,
    411944.6949447068,
    535.6761235077875,
    98876.7934826845,
    1625.9724293168251,
    1434147.132418877,
    0.045227286718106004,
    0.0034780046365630837,
    0.0019099851510384518,
    0.012432021093163416,
    0.0010674644920459604,
    0.006489221003095834,
    32.92285454100592,
    105.70352200780076,
    2603.754783078593,
    34.41918551924048,
    445.5902913127284,
    23.74087442565859,
    291.6413966407388,
    17.88030477695949,
    135.07164771799674,
    13.573431529741397,
    111.27036711343135,
    12.66957922611756,
    74.98388837816985,
    11.205379555218105,
    66.73270413728119,
    11.164643057736425,
    46.47096606904563,
    9.397704138400023,
    44.56030225538948,
    8.950106053185515,
    41.11993214263848,
    8.005962067568897,
    40.550141630384694,
    7.692309148293058,
    37.686392740047374,
    7.233046679662561,
    35.82926218949843,
    6.123196761849899,
    37.72131621399563,
    5.937743712494541,
    36.63210915710876,
    5.840012333104834,
    34.25977159157112,
    5.752559730777033,
    35.78845567512471,
    5.248604660636876,
    38.2873015557809,
    5.146735962134242,
    42.34966140251398,
    5.369625590728479,
    46.17729654998616
  ],
  "cols": [
    "chroma_stft_mean",
    "chroma_stft_var",
    "rms_mean",
    "rms_var",
    "spectral_centroid_mean",
    "spectral_centroid_var",
    "spectral_bandwidth_mean",
    "spectral_bandwidth_var",
    "rolloff_mean",
    "rolloff_var",
    "zero_crossing_rate_mean",
    "zero_crossing_rate_var",
    "harmony_mean",
    "harmony_var",
    "perceptr_mean",
    "perceptr_var",
    "tempo",
    "mfcc1_mean",
    "mfcc1_var",
    "mfcc2_mean",
    "mfcc2_var",
    "mfcc3_mean",
    "mfcc3_var",
    "mfcc4_mean",
    "mfcc4_var",
    "mfcc5_mean",
    "mfcc5_var",
    "mfcc6_mean",
    "mfcc6_var",
    "mfcc7_mean",
    "mfcc7_var",
    "mfcc8_mean",
    "mfcc8_var",
    "mfcc9_mean",
    "mfcc9_var",
    "mfcc10_mean",
    "mfcc10_var",
    "mfcc11_mean",
    "mfcc11_var",
    "mfcc12_mean",
    "mfcc12_var",
    "mfcc13_mean",
    "mfcc13_var",
    "mfcc14_mean",
    "mfcc14_var",
    "mfcc15_mean",
    "mfcc15_var",
    "mfcc16_mean",
    "mfcc16_var",
    "mfcc17_mean",
    "mfcc17_var",
    "mfcc18_mean",
    "mfcc18_var",
    "mfcc19_mean",
    "mfcc19_var",
    "mfcc20_mean",
    "mfcc20_var"
  ]
}