{
  "split": "test",
  "segments": 1500,
  "tracks": 150,
  "per_segment": {
    "acc": 0.7886666666666666,
    "macro_f1": 0.7883394750466726
  },
  "voted_to_track": {
    "acc": 0.8066666666666666,
    "macro_f1": 0.8069845153034809
  },
  "vote_gain_acc": 0.018000000000000016
}