{
  "cv": {
    "folds": 3,
    "fold_accuracies": [
      0.7692307692307693,
      0.7639484978540773,
      0.7725321888412017
    ],
    "mean": 0.7685704853086827,
    "std": 0.00353524340358951
  },
  "val": {
    "accuracy": 0.7933333333333333,
    "macro_f1": 0.7978334198941246,
    "per_genre_f1": {
      "blues": 0.8275862068965517,
      "classical": 0.967741935483871,
      "country": 0.8,
      "disco": 0.8461538461538461,
      "hiphop": 0.7272727272727273,
      "jazz": 0.896551724137931,
      "metal": 0.896551724137931,
      "pop": 0.6875,
      "reggae": 0.7407407407407407,
      "rock": 0.5882352941176471
    }
  },
  "test": {
    "accuracy": 0.76,
    "macro_f1": 0.759861084367006,
    "per_genre_f1": {
      "blues": 0.72,
      "classical": 0.967741935483871,
      "country": 0.8571428571428571,
      "disco": 0.6206896551724138,
      "hiphop": 0.8,
      "jazz": 0.8666666666666667,
      "metal": 0.7741935483870968,
      "pop": 0.7142857142857143,
      "reggae": 0.6896551724137931,
      "rock": 0.5882352941176471
    }
  },
  "acceptance": {
    "target_val_accuracy": 0.766,
    "accept_min": 0.75,
    "passed": true
  },
  "selection": {
    "by": "promote",
    "from_cfg": 17,
    "rrm": 0.17730257406470418,
    "U": 0.026998628388468154,
    "off_diag": 0.23142857142857143
  }
}