{
  "mean": [
    0.37807210428374155,
    0.08628272491374187,
    0.1303138688539288,
    0.003031857508376542,
    2200.5826591667214,
    454798.26638718613,
    2238.293289066424,
    136137.67378661523,
    4563.6865418426705,
    1807527.9548326621,
    0.10394653048793193,
    0.0029056192941893577,
    -0.00036977158818412767,
    0.012462821085277286,
    -0.0003574602641009763,
    0.005561710173656694,
    119.10870637984605,
    -144.2628767732637,
    3750.7797600010463,
    99.39313174945967,
    698.1086811937605,
    -9.303975295647977,
    461.86793251582554,
    36.152022120462995,
    223.8899340874808,
    -1.6155129644720418,
    176.16440862110682,
    14.663261402371738,
    127.04764875139509,
    -5.459829005423401,
    117.40928641727993,
    10.355077727745686,
    89.08809483119421,
    -7.130566998467382,
    88.53068767820086,
    7.84140984086719,
    80.93041700635638,
    -6.170983925520309,
    75.9376010295323,
    4.454054815031454,
    68.75556676319667,
    -5.035527593041105,
    68.37813822065081,
    1.885512387614165,
    64.88462530953544,
    -3.9442406157683583,
    62.95800934110369,
    1.2016037935111674,
    61.317631977626256,
    -4.155559502700345,
    63.13492205756051,
    0.5908398666778312,
    63.93993655341012,
    -2.4852651927566956,
    66.61670027187893,
    -1.1207958527905122,
    70.44496204376222
  ],
  "std": [
    0.08258237886691701,
    0.0076889632589698794,
    0.0648421040722477,
    0.0036926330670304253,
    710.1673195222559,
    369654.0758389327,
    517.7981633227752,
    94308.2525568476,
    1561.0723605891258,
    1348602.3137314287,
    0.04166156187087331,
    0.0029187587916421885,
    0.0018984518658212912,
    0.011444053039469933,
    0.0010422784064841855,
    0.006359373723555552,
    28.01189214467432,
    99.40330518096843,
    2873.1994553361324,
    31.07505263690593,
    417.5406444441719,
    21.57595040771921,
    285.17285692927567,
    16.746265592332488,
    118.3289177458359,
    12.184367857142398,
    104.54730602827952,
    11.859212545189624,
    67.84337590247735,
    10.068322319633378,
    59.73207316021397,
    10.508066830934773,
    42.251261944967595,
    8.324384663961174,
    39.9470415556208,
    8.078158186574512,
    36.32803934828489,
    7.009074443440098,
    40.475459910569185,
    6.861298434951088,
    33.29887700116713,
    6.269412370192547,
    34.02984974990038,
    5.062026061051037,
    34.564781483610844,
    4.883055678000238,
    31.572722432324397,
    4.705559414117031,
    33.27352550286199,
    4.623693090643793,
    34.112958152149524,
    3.9444144215069397,
    34.63700396588542,
    3.8041051379890685,
    37.88354414271432,
    3.977005269375526,
    46.56417580984806
  ],
  "cols": [
    "chroma_stft_mean",
    "chroma_stft_var",
    "rms_mean",
    "rms_var",
    "spectral_centroid_mean",
    "spectral_centroid_var",
    "spectral_bandwidth_mean",
    "spectral_bandwidth_var",
    "rolloff_mean",
    "rolloff_var",
    "zero_crossing_rate_mean",
    "zero_crossing_rate_var",
    "harmony_mean",
    "harmony_var",
    "perceptr_mean",
    "perceptr_var",
    "tempo",
    "mfcc1_mean",
    "mfcc1_var",
    "mfcc2_mean",
    "mfcc2_var",
    "mfcc3_mean",
    "mfcc3_var",
    "mfcc4_mean",
    "mfcc4_var",
    "mfcc5_mean",
    "mfcc5_var",
    "mfcc6_mean",
    "mfcc6_var",
    "mfcc7_mean",
    "mfcc7_var",
    "mfcc8_mean",
    "mfcc8_var",
    "mfcc9_mean",
    "mfcc9_var",
    "mfcc10_mean",
    "mfcc10_var",
    "mfcc11_mean",
    "mfcc11_var",
    "mfcc12_mean",
    "mfcc12_var",
    "mfcc13_mean",
    "mfcc13_var",
    "mfcc14_mean",
    "mfcc14_var",
    "mfcc15_mean",
    "mfcc15_var",
    "mfcc16_mean",
    "mfcc16_var",
    "mfcc17_mean",
    "mfcc17_var",
    "mfcc18_mean",
    "mfcc18_var",
    "mfcc19_mean",
    "mfcc19_var",
    "mfcc20_mean",
    "mfcc20_var"
  ]
}