{
  "generated": "2026-06-19 21:34:54",
  "runs_dir": "projects\\genre\\runs",
  "assumptions": {
    "tdp_watts": {
      "cpu": 65.0,
      "cuda": 250.0,
      "a100": 400.0,
      "t4": 70.0,
      "rtx4090": 450.0
    },
    "utilization": 0.7,
    "pue": 1.0,
    "grid_intensity_kg_per_kwh": 0.4,
    "electricity_rate_usd_per_kwh": 0.15,
    "cloud_rate_usd_per_hour": {
      "cpu": 0.05,
      "t4": 0.35,
      "a100": 3.0,
      "rtx4090": 0.7
    },
    "notes": "Edit before reporting. Modeled energy = TDP x utilization x time; metered supersedes it."
  },
  "all_energy_measured": false,
  "totals": {
    "wall_seconds": 1171.9384195000093,
    "energy_kwh": 0.014811999468680672,
    "carbon_kg": 0.00592479978747227,
    "cost_local_usd": 0.002221799920302101,
    "cost_cloud_usd": 0.016276922493055686,
    "device_hours": 0.32553844986111374,
    "n": 11
  },
  "by_experiment": {
    "genre": {
      "wall_seconds": 1171.9384195000093,
      "energy_kwh": 0.014811999468680672,
      "carbon_kg": 0.00592479978747227,
      "cost_local_usd": 0.002221799920302101,
      "cost_cloud_usd": 0.016276922493055686,
      "n": 11
    }
  },
  "runs": [
    {
      "run": "beardown\\20260619-164337",
      "project": "genre",
      "model": "beardown",
      "device": "cpu",
      "wall_seconds": 33.927536100003636,
      "device_hours": 0.009424315583334343,
      "energy_kwh": 0.0004288063590417126,
      "energy_basis": "modeled",
      "carbon_kg": 0.00017152254361668505,
      "cost_local_usd": 6.432095385625689e-05,
      "cost_cloud_usd": 0.0004712157791667172,
      "avg_power_watts": 45.5,
      "power_basis": "modeled(tdp:cpu@70%)",
      "est_flops": 7812392960,
      "n_params": 155594,
      "peak_rss_mb": 0.0,
      "peak_vram_mb": null
    },
    {
      "run": "beardown\\20260619-165015",
      "project": "genre",
      "model": "beardown",
      "device": "cpu",
      "wall_seconds": 33.585005099994305,
      "device_hours": 0.009329168083331752,
      "energy_kwh": 0.0004244771477915947,
      "energy_basis": "modeled",
      "carbon_kg": 0.0001697908591166379,
      "cost_local_usd": 6.367157216873921e-05,
      "cost_cloud_usd": 0.0004664584041665876,
      "avg_power_watts": 45.5,
      "power_basis": "modeled(tdp:cpu@70%)",
      "est_flops": 7812392960,
      "n_params": 155594,
      "peak_rss_mb": 4758.58203125,
      "peak_vram_mb": null
    },
    {
      "run": "beardown\\20260619-180737",
      "project": "genre",
      "model": "beardown",
      "device": "cpu",
      "wall_seconds": 12.760324000002583,
      "device_hours": 0.003544534444445162,
      "energy_kwh": 0.00016127631722225486,
      "energy_basis": "modeled",
      "carbon_kg": 6.451052688890195e-05,
      "cost_local_usd": 2.4191447583338227e-05,
      "cost_cloud_usd": 0.0001772267222222581,
      "avg_power_watts": 45.5,
      "power_basis": "modeled(tdp:cpu@70%)",
      "est_flops": 2551654400,
      "n_params": 155594,
      "peak_rss_mb": 1893.8828125,
      "peak_vram_mb": null
    },
    {
      "run": "beardown\\20260619-191557",
      "project": "genre",
      "model": "beardown",
      "device": "cpu",
      "wall_seconds": 98.4330115000048,
      "device_hours": 0.027342503194445776,
      "energy_kwh": 0.0012440838953472829,
      "energy_basis": "modeled",
      "carbon_kg": 0.0004976335581389132,
      "cost_local_usd": 0.00018661258430209242,
      "cost_cloud_usd": 0.0013671251597222888,
      "avg_power_watts": 45.5,
      "power_basis": "modeled(tdp:cpu@70%)",
      "est_flops": 2556883968,
      "n_params": 483914,
      "peak_rss_mb": 2013.0078125,
      "peak_vram_mb": null
    },
    {
      "run": "beardown\\20260619-192652",
      "project": "genre",
      "model": "beardown",
      "device": "cpu",
      "wall_seconds": 89.46041729999706,
      "device_hours": 0.02485011591666585,
      "energy_kwh": 0.0011306802742082963,
      "energy_basis": "modeled",
      "carbon_kg": 0.0004522721096833185,
      "cost_local_usd": 0.00016960204113124444,
      "cost_cloud_usd": 0.0012425057958332926,
      "avg_power_watts": 45.5,
      "power_basis": "modeled(tdp:cpu@70%)",
      "est_flops": 2556883968,
      "n_params": 483914,
      "peak_rss_mb": 1978.5859375,
      "peak_vram_mb": null
    },
    {
      "run": "beardown\\20260619-194336",
      "project": "genre",
      "model": "beardown",
      "device": "cpu",
      "wall_seconds": 277.34109820000594,
      "device_hours": 0.0770391939444461,
      "energy_kwh": 0.0035052833244722972,
      "energy_basis": "modeled",
      "carbon_kg": 0.001402113329788919,
      "cost_local_usd": 0.0005257924986708446,
      "cost_cloud_usd": 0.003851959697222305,
      "avg_power_watts": 45.5,
      "power_basis": "modeled(tdp:cpu@70%)",
      "est_flops": 2556883968,
      "n_params": 483914,
      "peak_rss_mb": 1979.8515625,
      "peak_vram_mb": null
    },
    {
      "run": "beardown\\20260619-195234",
      "project": "genre",
      "model": "beardown",
      "device": "cpu",
      "wall_seconds": 66.4929284999962,
      "device_hours": 0.018470257916665612,
      "energy_kwh": 0.0008403967352082853,
      "energy_basis": "modeled",
      "carbon_kg": 0.00033615869408331413,
      "cost_local_usd": 0.00012605951028124278,
      "cost_cloud_usd": 0.0009235128958332806,
      "avg_power_watts": 45.5,
      "power_basis": "modeled(tdp:cpu@70%)",
      "est_flops": 7817622528,
      "n_params": 483914,
      "peak_rss_mb": 4914.6171875,
      "peak_vram_mb": null
    },
    {
      "run": "beardown\\20260619-201651",
      "project": "genre",
      "model": "beardown",
      "device": "cpu",
      "wall_seconds": 106.61094919999596,
      "device_hours": 0.029614152555554434,
      "energy_kwh": 0.0013474439412777268,
      "energy_basis": "modeled",
      "carbon_kg": 0.0005389775765110908,
      "cost_local_usd": 0.000202116591191659,
      "cost_cloud_usd": 0.0014807076277777217,
      "avg_power_watts": 45.5,
      "power_basis": "modeled(tdp:cpu@70%)",
      "est_flops": 2556883968,
      "n_params": 483914,
      "peak_rss_mb": 1965.32421875,
      "peak_vram_mb": null
    },
    {
      "run": "beardown\\20260619-204449",
      "project": "genre",
      "model": "beardown",
      "device": "cpu",
      "wall_seconds": 55.809747300008894,
      "device_hours": 0.015502707583335804,
      "energy_kwh": 0.0007053731950417791,
      "energy_basis": "modeled",
      "carbon_kg": 0.00028214927801671163,
      "cost_local_usd": 0.00010580597925626686,
      "cost_cloud_usd": 0.0007751353791667902,
      "avg_power_watts": 45.5,
      "power_basis": "modeled(tdp:cpu@70%)",
      "est_flops": 2556883968,
      "n_params": 483914,
      "peak_rss_mb": 1726.92578125,
      "peak_vram_mb": null
    },
    {
      "run": "beardown\\20260619-210451",
      "project": "genre",
      "model": "beardown",
      "device": "cpu",
      "wall_seconds": 306.8589525999996,
      "device_hours": 0.08523859794444434,
      "energy_kwh": 0.0038783562064722177,
      "energy_basis": "modeled",
      "carbon_kg": 0.001551342482588887,
      "cost_local_usd": 0.0005817534309708327,
      "cost_cloud_usd": 0.004261929897222217,
      "avg_power_watts": 45.5,
      "power_basis": "modeled(tdp:cpu@70%)",
      "est_flops": 7817622528,
      "n_params": 483914,
      "peak_rss_mb": 4852.3515625,
      "peak_vram_mb": null
    },
    {
      "run": "beardown\\20260619-212419",
      "project": "genre",
      "model": "beardown",
      "device": "cpu",
      "wall_seconds": 90.65844970000035,
      "device_hours": 0.02518290269444454,
      "energy_kwh": 0.0011458220725972265,
      "energy_basis": "modeled",
      "carbon_kg": 0.00045832882903889063,
      "cost_local_usd": 0.00017187331088958397,
      "cost_cloud_usd": 0.001259145134722227,
      "avg_power_watts": 45.5,
      "power_basis": "modeled(tdp:cpu@70%)",
      "est_flops": 2556883968,
      "n_params": 483914,
      "peak_rss_mb": 1726.1796875,