{
  "cv": {
    "folds": 3,
    "fold_accuracies": [
      0.6709401709401709,
      0.6952789699570815,
      0.6909871244635193
    ],
    "mean": 0.6857354217869238,
    "std": 0.010607530977216504
  },
  "val": {
    "accuracy": 0.7466666666666667,
    "macro_f1": 0.7433225699128989,
    "per_genre_f1": {
      "blues": 0.7586206896551724,
      "classical": 0.9032258064516129,
      "country": 0.6896551724137931,
      "disco": 0.6206896551724138,
      "hiphop": 0.7333333333333333,
      "jazz": 0.8571428571428571,
      "metal": 0.8823529411764706,
      "pop": 0.7647058823529411,
      "reggae": 0.7407407407407407,
      "rock": 0.4827586206896552
    }
  },
  "test": {
    "accuracy": 0.7,
    "macro_f1": 0.6856403554950143,
    "per_genre_f1": {
      "blues": 0.7142857142857143,
      "classical": 0.9375,
      "country": 0.7096774193548387,
      "disco": 0.45454545454545453,
      "hiphop": 0.7,
      "jazz": 0.8275862068965517,
      "metal": 0.6857142857142857,
      "pop": 0.7058823529411765,
      "reggae": 0.6666666666666666,
      "rock": 0.45454545454545453
    }
  },
  "acceptance": {
    "target_val_accuracy": 0.766,
    "accept_min": 0.75,
    "passed": false
  }
}