{
  "cv": {
    "folds": 3,
    "fold_accuracies": [
      0.7692307692307693,
      0.7639484978540773,
      0.7725321888412017
    ],
    "mean": 0.7685704853086827,
    "std": 0.00353524340358951
  },
  "val": {
    "accuracy": 0.7933333333333333,
    "macro_f1": 0.8009008041766663,
    "per_genre_f1": {
      "blues": 0.8571428571428571,
      "classical": 0.9655172413793104,
      "country": 0.8,
      "disco": 0.8461538461538461,
      "hiphop": 0.75,
      "jazz": 0.8275862068965517,
      "metal": 0.896551724137931,
      "pop": 0.6857142857142857,
      "reggae": 0.7692307692307693,
      "rock": 0.6111111111111112
    }
  },
  "test": {
    "accuracy": 0.76,
    "macro_f1": 0.7564036273680322,
    "per_genre_f1": {
      "blues": 0.72,
      "classical": 0.967741935483871,
      "country": 0.75,
      "disco": 0.6428571428571429,
      "hiphop": 0.7567567567567568,
      "jazz": 0.9032258064516129,
      "metal": 0.7741935483870968,
      "pop": 0.6428571428571429,
      "reggae": 0.7857142857142857,
      "rock": 0.6206896551724138
    }
  },
  "acceptance": {
    "target_val_accuracy": 0.766,
    "accept_min": 0.75,
    "passed": true
  },
  "selection": {
    "by": "promote",
    "from_cfg": 17,
    "rrm": 0.17730257406470418,
    "U": 0.026998628388468154,
    "off_diag": 0.23142857142857143
  }
}